INSERT INTO restaurant (id, name, image, lat, lng) VALUES (1, 'Cheko Al Olaya',  '/Cheko_Logo.png', 24.7136, 46.6753) ON CONFLICT (id) DO NOTHING;
INSERT INTO restaurant (id, name, image, lat, lng) VALUES (2, 'Cheko Al Malaz',  '/Cheko_Logo.png', 24.6617, 46.7282) ON CONFLICT (id) DO NOTHING;
INSERT INTO restaurant (id, name, image, lat, lng) VALUES (3, 'Cheko Al Nakheel','/Cheko_Logo.png', 24.7414, 46.6039) ON CONFLICT (id) DO NOTHING;
INSERT INTO restaurant (id, name, image, lat, lng) VALUES (4, 'Cheko Al Muraba', '/Cheko_Logo.png', 24.6725, 46.7014) ON CONFLICT (id) DO NOTHING;
INSERT INTO restaurant (id, name, image, lat, lng) VALUES (5, 'Cheko Al Wurud',  '/Cheko_Logo.png', 24.7255, 46.6835) ON CONFLICT (id) DO NOTHING;

-- Breakfast
INSERT INTO menu (id,name,description,price,image,calorie,category) VALUES (1,'Avocado Toast','Toasted sourdough topped with smashed avocado, a perfectly poached egg, chili flakes, and a drizzle of olive oil.',32,'https://images.unsplash.com/photo-1525351484163-7529414344d8?w=640&h=480&fit=crop',420,'Breakfast') ON CONFLICT (id) DO NOTHING;
INSERT INTO menu (id,name,description,price,image,calorie,category) VALUES (2,'Fluffy Pancakes','A golden stack of thick, fluffy pancakes served with warm maple syrup and a dusting of powdered sugar.',28,'https://images.unsplash.com/photo-1567620905732-2d1ec7ab7445?w=640&h=480&fit=crop',520,'Breakfast') ON CONFLICT (id) DO NOTHING;
INSERT INTO menu (id,name,description,price,image,calorie,category) VALUES (3,'Blueberry Pancakes','Buttermilk pancakes stacked high and topped with fresh blueberries. Sweet, fruity, and irresistible.',30,'https://images.unsplash.com/photo-1506084868230-bb9d95c24759?w=640&h=480&fit=crop',540,'Breakfast') ON CONFLICT (id) DO NOTHING;
INSERT INTO menu (id,name,description,price,image,calorie,category) VALUES (4,'Eggs Benedict','A perfectly poached egg layered over silky smoked salmon on a toasted muffin, smothered in rich hollandaise sauce.',35,'https://images.unsplash.com/photo-1608039829572-78524f79c4c7?w=640&h=480&fit=crop',480,'Breakfast') ON CONFLICT (id) DO NOTHING;
INSERT INTO menu (id,name,description,price,image,calorie,category) VALUES (5,'Crispy Waffles','Two golden Belgian waffles with a crisp caramelized exterior, fresh blueberries, and warm maple syrup.',27,'https://images.unsplash.com/photo-1562376552-0d160a2f238d?w=640&h=480&fit=crop',510,'Breakfast') ON CONFLICT (id) DO NOTHING;
INSERT INTO menu (id,name,description,price,image,calorie,category) VALUES (6,'French Toast','Triangle-cut French toast, golden outside with a soft custardy interior, served with whipped cream and strawberries.',29,'https://images.unsplash.com/photo-1588484588657-0bbbee05132f?w=640&h=480&fit=crop',530,'Breakfast') ON CONFLICT (id) DO NOTHING;
INSERT INTO menu (id,name,description,price,image,calorie,category) VALUES (7,'Golden Fried Eggs','Farm-fresh eggs fried in butter until whites are set and yolks gloriously runny, on rustic toasted bread.',22,'https://images.unsplash.com/photo-1533089860892-a7c6f0a88666?w=640&h=480&fit=crop',300,'Breakfast') ON CONFLICT (id) DO NOTHING;
INSERT INTO menu (id,name,description,price,image,calorie,category) VALUES (8,'Smoothie Bowl','A thick acai smoothie bowl loaded with granola, banana, fresh kiwi, chia seeds, and a drizzle of honey.',25,'https://images.unsplash.com/photo-1494597564530-871f2b93ac55?w=640&h=480&fit=crop',350,'Breakfast') ON CONFLICT (id) DO NOTHING;
-- Drinks
INSERT INTO menu (id,name,description,price,image,calorie,category) VALUES (9,'Americano','A bold shot of espresso diluted with hot water, strong and unapologetically rich.',8,'https://images.unsplash.com/photo-1587985782608-20062892559d?w=640&h=480&fit=crop',5,'Drinks') ON CONFLICT (id) DO NOTHING;
INSERT INTO menu (id,name,description,price,image,calorie,category) VALUES (10,'Flat White','Double ristretto espresso topped with velvety microfoam milk. Intense, creamy, and perfectly balanced.',12,'https://images.unsplash.com/photo-1611564494260-6f21b80af7ea?w=640&h=480&fit=crop',120,'Drinks') ON CONFLICT (id) DO NOTHING;
INSERT INTO menu (id,name,description,price,image,calorie,category) VALUES (11,'Chinese Black Tea','A ruby-red tea served alongside a handcrafted clay teapot on a bamboo tray. Earthy, smooth, and ceremonial.',6,'https://images.unsplash.com/photo-1558160074-4d7d8bdf4256?w=640&h=480&fit=crop',2,'Drinks') ON CONFLICT (id) DO NOTHING;
INSERT INTO menu (id,name,description,price,image,calorie,category) VALUES (12,'Herbal Tea','A golden floral tea blooming with dried chrysanthemum, lavender buds, and rose hips. Fragrant and healing.',7,'https://images.unsplash.com/photo-1514733670139-4d87a1941d55?w=640&h=480&fit=crop',5,'Drinks') ON CONFLICT (id) DO NOTHING;
INSERT INTO menu (id,name,description,price,image,calorie,category) VALUES (13,'Fresh Orange Juice','Bright orange juice garnished with fresh orange wedges. Naturally sweet and vibrantly refreshing.',14,'https://images.unsplash.com/photo-1641659735894-45046caad624?w=640&h=480&fit=crop',110,'Drinks') ON CONFLICT (id) DO NOTHING;
INSERT INTO menu (id,name,description,price,image,calorie,category) VALUES (14,'Lemon Mint Cooler','Freshly squeezed lemonade packed with ice and vibrant mint leaves. Ice-cold, zesty, and refreshing.',13,'https://images.unsplash.com/photo-1507281549113-040fcfef650e?w=640&h=480&fit=crop',90,'Drinks') ON CONFLICT (id) DO NOTHING;
INSERT INTO menu (id,name,description,price,image,calorie,category) VALUES (15,'Soft Drinks','Coca-Cola, Diet Coke, Fanta, and Sprite served ice-cold in the can.',6,'https://images.unsplash.com/photo-1527960471264-932f39eb5846?w=640&h=480&fit=crop',140,'Drinks') ON CONFLICT (id) DO NOTHING;
INSERT INTO menu (id,name,description,price,image,calorie,category) VALUES (16,'Mocktail Trio','Three vibrant alcohol-free cocktails — pineapple cherry blend, lime mojito, and dragon fruit cooler.',18,'https://images.unsplash.com/photo-1551024709-8f23befc6f87?w=640&h=480&fit=crop',150,'Drinks') ON CONFLICT (id) DO NOTHING;
-- Rice
INSERT INTO menu (id,name,description,price,image,calorie,category) VALUES (17,'Wok Fried Rice','Golden fried rice with green peas, sweet corn, diced carrots, and tender chicken. Hearty and satisfying.',45,'https://images.unsplash.com/photo-1603133872878-684f208fb84b?w=640&h=480&fit=crop',550,'Rice') ON CONFLICT (id) DO NOTHING;
INSERT INTO menu (id,name,description,price,image,calorie,category) VALUES (18,'Seafood Rice','Golden spiced rice with juicy prawns, mixed vegetables, and red chili, topped with coriander and lemon.',60,'https://images.unsplash.com/photo-1512058564366-18510be2db19?w=640&h=480&fit=crop',600,'Rice') ON CONFLICT (id) DO NOTHING;
INSERT INTO menu (id,name,description,price,image,calorie,category) VALUES (19,'Chicken Biryani','Fragrant saffron basmati rice in a copper handi with caramelized onions and curry leaves, served with rich gravy.',48,'https://images.unsplash.com/photo-1563379091339-03b21ab4a4f8?w=640&h=480&fit=crop',650,'Rice') ON CONFLICT (id) DO NOTHING;
-- Soups
INSERT INTO menu (id,name,description,price,image,calorie,category) VALUES (20,'Ramen Bowl','Springy noodles, a jammy soft-boiled egg, sweet corn, spiced minced meat, and bok choy in a rich savoury broth.',28,'https://images.unsplash.com/photo-1591814468924-caf88d1232e1?w=640&h=480&fit=crop',450,'Soups') ON CONFLICT (id) DO NOTHING;
INSERT INTO menu (id,name,description,price,image,calorie,category) VALUES (21,'Tomato Basil Soup','Slow-roasted vine tomatoes blended with fresh basil, garlic, and cream. Velvety smooth with crusty sourdough.',22,'https://images.unsplash.com/photo-1603105037880-880cd4edfb0d?w=640&h=480&fit=crop',200,'Soups') ON CONFLICT (id) DO NOTHING;
INSERT INTO menu (id,name,description,price,image,calorie,category) VALUES (22,'Miso Soup','Traditional Japanese white miso broth with silken tofu, wakame seaweed, and enoki mushrooms.',20,'https://images.unsplash.com/photo-1680137248903-7af5d51a3350?w=640&h=480&fit=crop',150,'Soups') ON CONFLICT (id) DO NOTHING;
INSERT INTO menu (id,name,description,price,image,calorie,category) VALUES (23,'Thai Red Curry Soup','A vibrant coconut broth with tender chicken, sliced red peppers, and kaffir lime leaves. Aromatic and spicy.',26,'https://images.unsplash.com/photo-1548943487-a2e4e43b4853?w=640&h=480&fit=crop',350,'Soups') ON CONFLICT (id) DO NOTHING;
INSERT INTO menu (id,name,description,price,image,calorie,category) VALUES (24,'Cream of Mushroom','A silky mushroom velouté topped with a sautéed mushroom slice and rustic bread croutons. Rich and earthy.',24,'https://images.unsplash.com/photo-1608376630927-d064ac74866e?w=640&h=480&fit=crop',300,'Soups') ON CONFLICT (id) DO NOTHING;
INSERT INTO menu (id,name,description,price,image,calorie,category) VALUES (25,'Pumpkin Soup','Velvety pumpkin soup topped with crumbled feta, toasted pumpkin seeds, and smoked paprika.',23,'https://images.unsplash.com/photo-1476718406336-bb5a9690ee2a?w=640&h=480&fit=crop',200,'Soups') ON CONFLICT (id) DO NOTHING;
-- Sushi
INSERT INTO menu (id,name,description,price,image,calorie,category) VALUES (26,'Tuna Roll','Fresh ruby-red tuna, tobiko roe, creamy avocado, and microgreens with a drizzle of spicy mayo.',42,'https://images.unsplash.com/photo-1559410545-0bdcd187e0a6?w=640&h=480&fit=crop',320,'Sushi') ON CONFLICT (id) DO NOTHING;
INSERT INTO menu (id,name,description,price,image,calorie,category) VALUES (27,'Sushi Platter','Premium nigiri and maki rolls with salmon, tuna, ebi, and cucumber. Served with wasabi and pickled ginger.',99,'https://images.unsplash.com/photo-1553621042-f6e147245754?w=640&h=480&fit=crop',880,'Sushi') ON CONFLICT (id) DO NOTHING;
INSERT INTO menu (id,name,description,price,image,calorie,category) VALUES (28,'Avocado Tuna Roll','Fresh tuna and creamy avocado rolls drizzled with spicy mayo, spring onions, sesame seeds, and chili flakes.',45,'https://images.unsplash.com/photo-1768326119762-20c2a9f5c1f2?w=640&h=480&fit=crop',350,'Sushi') ON CONFLICT (id) DO NOTHING;
INSERT INTO menu (id,name,description,price,image,calorie,category) VALUES (29,'Salmon Cream Roll','Cream cheese and tuna filling in seasoned rice, topped with fresh salmon and sweet soy sauce.',50,'https://images.unsplash.com/photo-1579871494447-9811cf80d66c?w=640&h=480&fit=crop',400,'Sushi') ON CONFLICT (id) DO NOTHING;
INSERT INTO menu (id,name,description,price,image,calorie,category) VALUES (30,'Salmon Nigiri','Hand-pressed sushi rice topped with lightly torched salmon, served with pickled ginger and wasabi.',38,'https://images.unsplash.com/photo-1680675228874-9b9963812b7c?w=640&h=480&fit=crop',300,'Sushi') ON CONFLICT (id) DO NOTHING;


INSERT INTO restaurant_menu (restaurant_id, menu_id) VALUES (1,1),(1,2),(1,3),(1,4),(1,5),(1,6),(1,7),(1,8),(1,9),(1,10),(1,11),(1,12),(1,13),(1,14),(1,15),(1,16),(1,17),(1,18),(1,19),(1,20),(1,21),(1,22),(1,23),(1,24),(1,25),(1,26),(1,27),(1,28),(1,29),(1,30);
INSERT INTO restaurant_menu (restaurant_id, menu_id) VALUES (2,1),(2,2),(2,3),(2,4),(2,5),(2,6),(2,7),(2,8),(2,9),(2,10),(2,11),(2,12),(2,13),(2,14),(2,15),(2,16),(2,17),(2,18),(2,19),(2,20),(2,21),(2,22),(2,23),(2,24),(2,25),(2,26),(2,27),(2,28),(2,29),(2,30);
INSERT INTO restaurant_menu (restaurant_id, menu_id) VALUES (3,1),(3,2),(3,3),(3,4),(3,5),(3,6),(3,7),(3,8),(3,9),(3,10),(3,11),(3,12),(3,13),(3,14),(3,15),(3,16),(3,17),(3,18),(3,19),(3,20),(3,21),(3,22),(3,23),(3,24),(3,25),(3,26),(3,27),(3,28),(3,29),(3,30);
INSERT INTO restaurant_menu (restaurant_id, menu_id) VALUES (4,9),(4,10),(4,11),(4,12),(4,13),(4,14),(4,15),(4,16),(4,17),(4,18),(4,19),(4,20),(4,21),(4,22),(4,23),(4,24),(4,25),(4,26),(4,27),(4,28),(4,29),(4,30);
INSERT INTO restaurant_menu (restaurant_id, menu_id) VALUES (5,9),(5,10),(5,11),(5,12),(5,13),(5,14),(5,15),(5,16),(5,17),(5,18),(5,19),(5,20),(5,21),(5,22),(5,23),(5,24),(5,25),(5,26),(5,27),(5,28),(5,29),(5,30);